"grp","biomass","percent"
"10-20",5688704.06399027,27.6711397845132
"20-30",2442908.2049386,11.8828565626201
"30-40",2270552.6347362,11.0444801904161
"40-50",2201440.5592522,10.7083034654532
"50-60",2123531.1775862,10.3293346587874
"60-70",1811166.134491,8.8099206280952
"70-80",1757555.071289,8.54914432347963
"80-90",1486210.410009,7.22926268302151
"90-100",776188.860294,3.77555770361374
