"grp","biomass","percent"
"10-20",1222561.94772888,0.514463991328379
"20-30",3702432.2849601,1.55801355872564
"30-40",7626142.8099323,3.20914279699801
"40-50",13072612.3253822,5.5010613789332
"50-60",20607659.1942098,8.67187026447453
"60-70",29403608.210204,12.3732770084809
"70-80",40896968.595822,17.2097763521296
"80-90",53139754.667414,22.36164010764
"90-100",67966261.522463,28.6007545412897
